OBJECTID,STATE,LAT,LONG
1,RAJASTHAN,70.9141998,26.9116993
2,RAJASTHAN,71.392601,25.7443008
3,PUNJAB,75.4077988,32.044899
4,RAJASTHAN,73.8664017,29.9283009
5,RAJASTHAN,73.3164978,28.0165997
6,PUNJAB,74.8715973,31.6229
7,PUNJAB,74.6184006,30.9393997
8,PUNJAB,74.7576981,30.6732006
9,PUNJAB,74.9509964,30.2931995
10,RAJASTHAN,74.9656982,28.3001995
11,PUNJAB,75.9133987,31.5349007
12,PUNJAB,75.384697,31.3794003
13,PUNJAB,75.5807037,31.3395004
14,PUNJAB,75.8506012,30.9085007
15,PUNJAB,75.8408966,30.2413998
16,HARYANA,75.0253983,29.5312004
17,HARYANA,75.723999,29.1518002
18,RAJASTHAN,75.3991013,28.1296005
19,HIMACHAL PRADESH,76.125,32.5586014
20,HIMACHAL PRADESH,77.0395966,32.5744019
21,HIMACHAL PRADESH,76.9308014,31.7117996
22,HIMACHAL PRADESH,76.5203018,31.6725006
23,HIMACHAL PRADESH,76.2674026,31.4640999
24,HIMACHAL PRADESH,76.7603989,31.3237
25,PUNJAB,76.5251999,30.9643002
26,HARYANA,76.7870026,30.3759995
27,PUNJAB,76.405899,30.3173008
28,CHANDIGARH,76.7843018,30.7318001
29,HARYANA,76.9840012,29.6924992
30,HARYANA,76.3123016,29.3188
31,HARYANA,76.398201,29.8041
32,HARYANA,76.5867996,28.8882999
33,UTTARAKHAND,79.7694016,29.8428001
34,UTTARAKHAND,79.395401,28.9661999
35,UTTAR PRADESH,78.4610977,28.9064999
36,HARYANA,76.6143036,28.1982002
37,JHARKHAND,86.1606979,23.6411991
38,TAMILNADU,79.6250992,10.7823
39,HARYANA,76.1427994,28.7910995
40,HARYANA,76.1090012,28.0459003
41,HIMACHAL PRADESH,77.1066971,31.9603004
42,HIMACHAL PRADESH,77.1699982,31.0998993
43,HIMACHAL PRADESH,77.1072006,30.9104004
44,HIMACHAL PRADESH,77.2294998,30.5254993
45,UTTAR PRADESH,77.5522003,29.9650002
46,UTTAR PRADESH,77.6990967,29.4717007
47,DELHI,77.1785965,28.6529007
48,UTTAR PRADESH,77.7025986,28.9866009
49,HARYANA,77.0234985,28.9794998
50,UTTAR PRADESH,77.444397,28.6602993
51,HARYANA,77.0273972,28.4662991
52,UTTAR PRADESH,77.8597031,28.4002991
53,HARYANA,77.3282013,28.4279995
54,HIMACHAL PRADESH,78.2614975,31.5468006
55,UTTARAKHAND,78.4291992,30.7159004
56,UTTARAKHAND,78.0402985,30.3251991
57,UTTARAKHAND,78.7795029,30.1520996
58,UTTARAKHAND,78.4972,30.3759995
59,UTTARAKHAND,78.161499,29.9195995
60,UTTAR PRADESH,78.1326981,29.3796005
61,UTTAR PRADESH,78.7791977,28.8328991
62,UTTARAKHAND,79.3295975,30.4013004
63,UTTARAKHAND,79.6640015,29.6037998
64,UTTARAKHAND,79.4690018,29.3806
65,UTTAR PRADESH,79.0277023,28.7919006
66,UTTAR PRADESH,79.8106003,28.6350994
67,UTTAR PRADESH,79.4181976,28.3619995
68,UTTAR PRADESH,79.1227036,28.0345001
69,UTTARAKHAND,80.2021027,29.5837002
70,GUJARAT,69.6659012,23.2516994
71,GUJARAT,70.0723038,22.4715996
72,GUJARAT,70.8050003,22.2957993
73,GUJARAT,70.4608994,21.5233002
74,DAMAN & DIU,70.9791031,20.7140007
75,GUJARAT,71.6141968,22.7334995
76,GUJARAT,71.2155991,21.5986004
77,RAJASTHAN,72.6200027,25.3432007
78,RAJASTHAN,72.8571014,24.8917007
79,RAJASTHAN,73.7361984,27.2005005
80,RAJASTHAN,73.0221024,26.2798996
81,RAJASTHAN,73.3215027,25.7772999
82,RAJASTHAN,73.686203,24.5858002
83,RAJASTHAN,74.6408997,26.4608002
84,RAJASTHAN,74.6371002,25.3477993
85,RAJASTHAN,74.6185989,24.8768005
86,RAJASTHAN,75.1461029,27.6107998
87,RAJASTHAN,75.8096008,26.9148998
88,RAJASTHAN,75.7871017,26.1716003
89,RAJASTHAN,75.6424026,25.4433002
90,RAJASTHAN,75.8451996,25.1802998
91,MADHYA PRADESH,75.0739975,24.0641003
92,GUJARAT,72.6707993,23.2362003
93,GUJARAT,72.3851013,23.6032009
94,GUJARAT,72.5891037,23.0266991
95,GUJARAT,72.6947021,22.7478008
96,GUJARAT,72.1391983,21.7747002
97,GUJARAT,72.9778976,21.6947994
98,GUJARAT,72.9327011,20.6319008
99,DAMAN & DIU,72.8460007,20.4251003
100,RAJASTHAN,73.7160034,23.8374996
101,KARNATAKA,77.5950012,12.9783001
102,GUJARAT,73.2052994,22.2882996
103,GUJARAT,73.6886978,20.7574997
104,DADRA & NAGAR HAVELI,72.9982986,20.2852001
105,MAHARASHTRA,73.7950974,20.0067005
106,RAJASTHAN,74.4473038,23.5461998
107,MADHYA PRADESH,74.5987015,22.7703991
108,MAHARASHTRA,74.7804031,20.9050999
109,MADHYA PRADESH,75.0398026,23.3274994
110,MADHYA PRADESH,75.7786026,23.1861992
111,MADHYA PRADESH,75.8663025,22.7173996
112,MADHYA PRADESH,75.3135986,22.5991001
113,MADHYA PRADESH,75.6154022,21.8258991
114,MAHARASHTRA,75.5690994,21.0102005
115,RAJASTHAN,76.6094971,27.5667
116,RAJASTHAN,76.3800964,25.9881001
117,RAJASTHAN,76.1648026,24.5926991
118,MADHYA PRADESH,76.7386017,24.0063
119,UTTAR PRADESH,77.683197,27.4944
120,RAJASTHAN,77.4996033,27.2140999
121,RAJASTHAN,77.8933029,26.6942005
122,MADHYA PRADESH,77.6520004,25.4263
123,MADHYA PRADESH,77.3118973,24.6446991
124,UTTAR PRADESH,78.0669022,27.8752995
125,UTTAR PRADESH,78.6561966,27.5569
126,UTTAR PRADESH,78.0067978,27.1758995
127,UTTAR PRADESH,78.3970032,27.1424007
128,MADHYA PRADESH,78.7879028,26.5643997
129,MADHYA PRADESH,78.0005035,26.5011005
130,MADHYA PRADESH,78.1671982,26.2227993
131,MADHYA PRADESH,78.4568024,25.6732998
132,UTTAR PRADESH,78.5740967,25.4633007
133,MADHYA PRADESH,78.8305969,24.7436008
134,UTTAR PRADESH,78.4172974,24.6919994
135,UTTAR PRADESH,79.6335983,27.3677006
136,UTTAR PRADESH,79.0478973,27.2294998
137,UTTAR PRADESH,79.9070969,27.8712006
138,UTTAR PRADESH,79.0241013,26.7772007
139,UTTAR PRADESH,79.4526978,25.9902
140,MADHYA PRADESH,79.5907974,24.9158001
141,MADHYA PRADESH,76.2796021,23.4235992
142,MADHYA PRADESH,76.0700989,22.9633007
143,MADHYA PRADESH,76.3550034,21.8281994
144,MAHARASHTRA,76.180603,20.5328999
145,MADHYA PRADESH,77.8108978,23.5319004
146,MADHYA PRADESH,77.7792969,23.3306007
147,MADHYA PRADESH,77.4131012,23.2667999
148,MADHYA PRADESH,77.0838013,23.2066994
149,MADHYA PRADESH,77.7125015,22.7406006
150,MADHYA PRADESH,77.9008026,21.9041004
151,MAHARASHTRA,77.7590027,20.9379997
152,MAHARASHTRA,77.0026016,20.7112999
153,MADHYA PRADESH,78.748497,23.8376999
154,MADHYA PRADESH,78.9386978,22.0582008
155,MAHARASHTRA,78.6031036,20.7359009
156,MAHARASHTRA,78.1302032,20.3882999
157,MADHYA PRADESH,79.9360962,23.1728001
158,MADHYA PRADESH,79.1919022,22.9489002
159,MADHYA PRADESH,79.5468979,22.0886993
160,MAHARASHTRA,79.6557007,21.1699009
161,MAHARASHTRA,79.0953979,21.1488991
162,UTTAR PRADESH,80.6847,27.5638008
163,UTTAR PRADESH,80.1256027,27.3957005
164,UTTAR PRADESH,80.9420013,26.8334999
165,UTTAR PRADESH,80.4881973,26.5459003
166,UTTAR PRADESH,80.342598,26.4620991
167,UTTAR PRADESH,80.1155014,25.9601994
168,UTTAR PRADESH,80.8156967,25.9283009
169,UTTAR PRADESH,80.3235016,25.4676991
170,MADHYA PRADESH,80.1876984,24.7199001
551,ASSAM,92.5651016,24.7099991
552,BIHAR,86.6421967,26.2465992
553,GUJARAT,72.8464966,21.2057991
554,TAMILNADU,78.4803009,9.8617601
555,TAMILNADU,78.1476974,8.8116798
556,MAHARASHTRA,77.152298,19.7138996
557,PUNJAB,76.1295013,31.1198997
558,HIMACHAL PRADESH,76.3130035,32.2174988
559,SIKKIM,88.5335999,27.5042
560,SIKKIM,88.3570023,27.1634007
561,ASSAM,89.9882965,26.0193996
562,MIZORAM,92.9763031,22.5142002
563,TAMILNADU,79.8335037,10.7720003
564,KERALA,76.7542038,9.2962599
565,MAHARASHTRA,72.8320007,19.0548992
566,MEGHALAYA,91.8783035,25.9164009
567,MEGHALAYA,90.6427002,25.2005997
568,MIZORAM,92.8619003,23.3262997
569,MIZORAM,93.3421021,23.4897003
570,MIZORAM,92.4964981,23.9428005
571,MIZORAM,92.6872025,24.2528
572,PUNJAB,76.4057999,30.6473999
573,MADHYA PRADESH,81.6994019,23.0983009
574,MADHYA PRADESH,77.7273026,24.5690994
575,UTTARAKHAND,80.1024017,29.3334007
576,UTTARAKHAND,78.985199,30.2952995
577,MADHYA PRADESH,76.2034988,21.3325005
580,JAMMU AND KASHMIR,73.5073013,34.365799
581,JAMMU AND KASHMIR,74.3272018,34.2001991
582,JAMMU AND KASHMIR,74.0803986,33.7733994
583,JAMMU AND KASHMIR,73.7449036,33.169899
584,JAMMU AND KASHMIR,74.8133011,33.0666008
585,JAMMU AND KASHMIR,74.8447037,32.7271004
586,JAMMU AND KASHMIR,75.1074982,32.9123001
587,JAMMU AND KASHMIR,75.7847977,33.2988014
588,JAMMU AND KASHMIR,75.1623001,33.7380981
589,JAMMU AND KASHMIR,74.8097992,34.0831985
590,LADAKH,77.5639038,34.1383018
592,GUJARAT,73.4007034,21.1126995
593,MADHYA PRADESH,74.4452972,22.5195999
597,UTTAR PRADESH,78.5720978,28.5937004
594,ASSAM,90.4456024,26.5410995
598,UTTAR PRADESH,81.8051987,26.1580009
171,MADHYA PRADESH,80.8318024,24.5669003
172,UTTAR PRADESH,81.5963974,27.5778999
173,HARYANA,77.3066025,30.3036003
174,HARYANA,76.836998,29.9624004
175,HARYANA,75.4537964,29.5163994
176,RAJASTHAN,74.319603,29.5772991
177,PUNJAB,74.5161972,30.4638996
178,PUNJAB,75.1617966,30.8012009
179,HARYANA,76.8789978,30.7224998
180,RAJASTHAN,76.3333969,26.8995991
181,RAJASTHAN,77.0210037,26.4988995
182,RAJASTHAN,73.8595963,25.0757008
183,GUJARAT,72.4434967,24.1854
184,GUJARAT,72.1109009,23.8455009
185,GUJARAT,72.9643021,23.6056004
186,MADHYA PRADESH,74.8755035,24.4741001
187,RAJASTHAN,76.5126038,25.1138
188,MADHYA PRADESH,76.697197,25.6763
189,UTTAR PRADESH,79.879097,25.2865009
599,WEST BENGAL,89.530899,26.4895
600,HARYANA,77.3265991,28.1417999
190,MADHYA PRADESH,79.4537964,23.8246994
191,PUNJAB,75.3891983,29.9867992
192,TRIPURA,91.8654022,23.9393997
193,MADHYA PRADESH,80.3963013,23.8416004
194,UTTAR PRADESH,79.9536972,26.3761997
195,UTTAR PRADESH,79.9252014,27.0562992
196,UTTAR PRADESH,81.960701,27.1340008
197,UTTAR PRADESH,81.2020035,26.9321995
198,UTTAR PRADESH,81.2288971,26.2320004
199,UTTAR PRADESH,81.9934006,25.9377003
200,UTTAR PRADESH,81.8500977,25.4542999
201,MADHYA PRADESH,81.2865982,24.5410995
202,MADHYA PRADESH,81.8820038,24.4099998
203,UTTAR PRADESH,82.1481018,26.7814007
204,UTTAR PRADESH,82.7566986,26.8017998
205,UTTAR PRADESH,82.0719986,26.2625999
206,UTTAR PRADESH,82.6858978,25.7490997
207,UTTAR PRADESH,82.9732971,25.3253994
208,UTTAR PRADESH,82.5607986,25.1443005
209,UTTAR PRADESH,83.0642014,27.2465
210,UTTAR PRADESH,83.3690033,26.7600994
211,UTTAR PRADESH,83.7814026,26.5007992
212,UTTAR PRADESH,83.1792984,26.0540009
213,UTTAR PRADESH,83.5594025,25.9482994
214,UTTAR PRADESH,83.5794983,25.5865002
215,UTTAR PRADESH,83.0671005,24.6881008
216,MADHYA PRADESH,80.3694,22.6065006
217,MADHYA PRADESH,80.1917038,21.8160992
218,MAHARASHTRA,80.0064011,20.1854992
219,MADHYA PRADESH,81.3590012,23.2949009
220,CHHATTISGARH,81.6274033,21.2280998
221,CHHATTISGARH,81.2742004,21.1889992
222,CHHATTISGARH,81.0329971,21.0900993
223,CHHATTISGARH,82.1744003,22.0751991
291,ARUNACHAL PRADESH,91.8824005,27.5881996
292,ASSAM,91.4422989,26.4452
293,ASSAM,91.0093994,26.3188
294,ASSAM,91.7489014,26.1814995
295,MEGHALAYA,91.8843994,25.5884991
296,MEGHALAYA,91.2665024,25.5184994
297,WEST BENGAL,88.5018997,23.4192009
298,WEST BENGAL,88.3940964,22.9013004
299,WEST BENGAL,88.3253021,22.5685997
300,WEST BENGAL,88.3964005,22.5494003
301,WEST BENGAL,88.2630005,22.4853992
302,TRIPURA,91.2713013,23.8283997
303,TRIPURA,91.4824982,23.5310993
304,ARUNACHAL PRADESH,94.7970963,28.1688995
305,ARUNACHAL PRADESH,94.213501,28.0300007
306,ARUNACHAL PRADESH,95.8679962,28.8512001
307,ARUNACHAL PRADESH,95.3299026,28.0657005
308,ARUNACHAL PRADESH,92.4227982,27.2646008
309,ASSAM,92.7885971,26.6236
310,ASSAM,92.3345032,26.2555008
311,ASSAM,90.550499,26.4799995
312,ASSAM,92.0305023,26.4421997
313,ASSAM,92.683403,26.3561993
314,MEGHALAYA,92.1951981,25.4386005
315,ASSAM,92.3507996,24.8721008
316,ASSAM,92.7919998,24.8206005
317,TRIPURA,92.0149002,24.3426991
318,ARUNACHAL PRADESH,93.0600967,27.3334999
319,ARUNACHAL PRADESH,93.5947037,27.1018009
320,ASSAM,93.9707031,26.5100002
321,ASSAM,93.4438019,25.8386993
322,ASSAM,93.0128021,25.1681004
323,MANIPUR,93.4991989,24.9969006
324,MANIPUR,93.9476013,24.8120995
325,MANIPUR,93.7614975,24.6329002
326,MANIPUR,93.6548996,24.3349991
327,MANIPUR,93.9866028,24.3215008
328,ASSAM,94.9089966,27.4806004
329,ASSAM,94.1018982,27.2364998
330,ASSAM,94.6362,26.9846992
331,ASSAM,94.2152023,26.7551003
332,NAGALAND,94.5162964,26.3216991
333,NAGALAND,94.811203,26.2303009
334,NAGALAND,94.2556,26.0921993
335,NAGALAND,94.5178986,26.0100002
336,NAGALAND,94.4624023,25.7022991
337,NAGALAND,94.1156998,25.6854
338,MANIPUR,94.0451965,25.3034
339,MANIPUR,94.3606033,25.0918007
340,MANIPUR,94.0028,24.6385002
341,ARUNACHAL PRADESH,95.5031967,26.9916
342,NAGALAND,95.0283966,26.7243996
343,MIZORAM,92.7249985,23.7493
344,MIZORAM,92.7435989,22.8889999
345,ARUNACHAL PRADESH,96.1632996,27.9258003
346,MAHARASHTRA,72.9705963,19.2066994
347,MAHARASHTRA,72.8293991,18.9878998
348,MAHARASHTRA,72.8753967,18.6473999
349,MAHARASHTRA,73.8618011,18.5268002
350,MAHARASHTRA,73.2968979,16.9916
351,MAHARASHTRA,73.7142029,16.1089993
352,MAHARASHTRA,74.7460022,19.0942001
353,MAHARASHTRA,74.0100021,17.6912994
354,MAHARASHTRA,74.5779037,16.8617001
355,MAHARASHTRA,74.2232971,16.6954002
356,MAHARASHTRA,75.3324966,19.8862991
357,MAHARASHTRA,75.9005966,19.8495998
358,MAHARASHTRA,75.7628021,18.9885998
359,MAHARASHTRA,75.9068985,17.6730003
360,KARNATAKA,75.7182007,16.8246994
361,GOA,73.8216019,15.4811001
362,KARNATAKA,74.5085983,15.8599997
363,KARNATAKA,74.1304016,14.8052998
364,KARNATAKA,74.8404007,12.8650999
365,KERALA,74.9893036,12.4996004
366,KARNATAKA,75.0112,15.4534998
367,KARNATAKA,75.5751038,13.9321003
368,KARNATAKA,75.7717972,13.3196001
369,KARNATAKA,75.743103,12.4237003
370,LAKSHADWEEP,72.6397018,10.5699997
371,KERALA,75.3655014,11.8699999
372,KERALA,75.7942963,11.2412004
373,MAHARASHTRA,76.7759018,19.2691994
374,MAHARASHTRA,76.5758972,18.4020004
375,MAHARASHTRA,76.0407028,18.1825008
376,KARNATAKA,76.8337021,17.3358994
377,MAHARASHTRA,77.3119965,19.1601009
378,KARNATAKA,77.5306015,17.9167995
379,TELANGANA,77.9904022,16.7453995
380,KARNATAKA,77.3575974,16.2087994
381,TELANGANA,78.5540009,19.6639996
382,TELANGANA,78.092598,18.6550999
383,TELANGANA,78.0811005,17.6266994
384,TELANGANA,78.4869003,17.4006004
385,MAHARASHTRA,79.2944031,19.9524002
386,TELANGANA,79.1434021,18.4328003
387,TELANGANA,79.5739975,18.0312004
388,TELANGANA,79.266098,17.0622997
389,KARNATAKA,76.9225006,15.1443996
390,KARNATAKA,76.4018021,14.2284002
391,KARNATAKA,76.0970993,13.0101004
392,KARNATAKA,76.8975983,12.5186005
393,KARNATAKA,76.6535034,12.3107004
394,ANDHRA PRADESH,77.5970993,14.6805
395,KARNATAKA,77.0953979,13.3549004
396,KARNATAKA,77.5950012,12.9783001
397,ANDHRA PRADESH,78.0402985,15.8360004
398,ANDHRA PRADESH,78.8239975,14.4834995
399,KARNATAKA,78.1350021,13.1370001
400,TAMILNADU,78.1600037,12.1360998
401,ANDHRA PRADESH,79.9822006,14.4504004
402,ANDHRA PRADESH,79.0987015,13.2166004
403,TAMILNADU,79.1379013,12.9109001
404,TAMILNADU,79.7143021,12.8360996
405,KERALA,76.0873032,11.6073999
406,TAMILNADU,76.7048035,11.4168997
407,KERALA,76.0847015,11.0451002
408,TAMILNADU,76.9657974,10.9961004
409,KERALA,76.6573029,10.7735004
410,KERALA,76.217598,10.5241003
411,KERALA,76.2913971,9.9582005
412,KERALA,76.520401,9.5970602
413,KERALA,76.328598,9.5031004
414,KERALA,77.1752014,9.9019604
415,KERALA,76.9167023,8.4917202
416,KERALA,76.6080017,8.8899002
417,TAMILNADU,77.7265015,11.3357
418,TAMILNADU,77.9514999,9.5954704
419,TAMILNADU,77.6912994,8.7315798
420,TAMILNADU,77.4397964,8.1774101
421,TAMILNADU,78.1517029,11.6595001
422,TAMILNADU,78.6797028,10.8235998
423,TAMILNADU,78.8108978,10.3853998
424,TAMILNADU,78.1280975,9.9263802
425,TAMILNADU,78.8396988,9.3649998
426,PUDUCHERRY,79.8309021,11.9366999
427,TAMILNADU,79.7609024,11.7568998
428,PUDUCHERRY,79.8361969,10.9193001
429,TAMILNADU,79.1371002,10.7865
430,TELANGANA,80.1390991,17.2462997
431,ANDHRA PRADESH,80.4459,16.2984009
432,ANDHRA PRADESH,81.1345978,16.1902008
433,ANDHRA PRADESH,81.0991974,16.7208004
434,CHHATTISGARH,82.0374985,19.0876007
435,ODISHA,82.7181015,18.8078003
436,ANDHRA PRADESH,82.2347031,16.9703999
437,PUDUCHERRY,82.2121964,16.7357998
438,ODISHA,83.1745987,19.9111996
439,ANDHRA PRADESH,83.8899002,18.2978001
440,ANDHRA PRADESH,83.4049988,18.1254997
441,ANDHRA PRADESH,83.3040009,17.7252007
442,ANDHRA PRADESH,80.0473022,15.5155001
443,TAMILNADU,80.2661972,13.0760002
444,ANDAMAN & NICOBAR,92.7382965,11.6619997
445,UTTAR PRADESH,80.7867966,27.9479008
446,UTTAR PRADESH,82.5383987,26.4137001
447,UTTAR PRADESH,83.0849991,26.7784004
448,UTTAR PRADESH,81.3816986,25.5249004
449,UTTAR PRADESH,80.9124985,25.2110996
450,UTTAR PRADESH,83.9831009,26.9074001
451,BIHAR,83.6007004,25.0407009
452,UTTAR PRADESH,83.2689972,25.2588997
453,JHARKHAND,83.8103027,24.1739998
454,UTTAR PRADESH,82.461998,25.3360996
455,JHARKHAND,84.8641968,24.2091999
456,GUJARAT,69.5948029,21.6334991
457,GUJARAT,73.4990997,21.8764
458,MAHARASHTRA,74.2438965,21.3673992
459,MADHYA PRADESH,74.8904037,22.0298996
460,GUJARAT,73.6088028,22.7733994
461,GUJARAT,74.2630997,22.8234997
462,GUJARAT,72.9531021,22.5674
463,GUJARAT,72.9245987,20.9493999
464,MAHARASHTRA,77.1409988,20.1096992
465,MAHARASHTRA,80.1957016,21.4493999
466,MADHYA PRADESH,77.0842972,22.3372993
467,MADHYA PRADESH,80.8361969,23.5261993
468,CHHATTISGARH,82.5687027,23.2453995
469,CHHATTISGARH,81.2578964,22.0069008
470,CHHATTISGARH,82.5927963,22.0044003
471,JHARKHAND,84.5005035,22.6158009
472,CHHATTISGARH,84.1564026,22.8929005
473,CHHATTISGARH,82.1093979,21.0946007
474,ODISHA,82.5540009,20.8199997
475,MADHYA PRADESH,81.0819016,22.9402008
476,CHHATTISGARH,82.7137985,22.3377991
477,UTTAR PRADESH,78.0578995,27.5853996
478,ODISHA,83.6289978,21.3398991
479,CHHATTISGARH,81.5042038,20.2758999
480,CHHATTISGARH,81.5659027,20.7045002
481,ODISHA,82.5559998,19.2255993
482,CHHATTISGARH,81.3656006,18.8780003
483,BIHAR,83.9785995,25.5715008
484,BIHAR,85.2941971,26.5146999
485,JHARKHAND,85.5848007,24.4634991
486,BIHAR,86.2141037,24.9263992
487,JHARKHAND,85.9373016,22.7155991
488,BIHAR,87.9257965,26.1133003
489,WEST BENGAL,88.1233978,25.6095009
490,BIHAR,87.461998,26.1382008
491,UTTAR PRADESH,77.3263016,28.5671005
492,BIHAR,86.9172974,24.8810997
493,JHARKHAND,87.8321991,24.6362991
494,BIHAR,86.088501,25.1767998
495,BIHAR,85.8371964,25.1478996
496,WEST BENGAL,87.9173965,22.3017006
497,WEST BENGAL,88.5049973,22.7254009
498,JHARKHAND,85.8065033,22.5552006
499,ODISHA,85.0968018,20.1210003
500,ODISHA,83.9209976,20.8330994
501,ODISHA,84.305603,20.8269997
502,ODISHA,84.7419968,21.5468998
503,ODISHA,86.322998,20.8453999
504,ODISHA,86.5011978,21.0692005
505,ODISHA,86.1638031,20.2646008
506,ODISHA,86.4150009,20.5091991
507,ODISHA,85.0970993,20.8372002
508,ODISHA,81.8957977,18.3588009
509,ODISHA,83.410202,19.1660995
510,ODISHA,84.0783997,18.7775002
511,ODISHA,84.0240021,21.8526001
512,JHARKHAND,86.7860031,23.9603004
513,BIHAR,85.2171021,25.677
514,BIHAR,85.7769012,25.8469009
515,JHARKHAND,84.5073013,23.7521
516,KARNATAKA,75.7068024,16.2040005
517,GOA,73.9586029,15.3059998
518,KARNATAKA,75.6458969,15.4425001
519,KARNATAKA,76.1669006,15.3641005
520,TAMILNADU,79.9138031,13.1549997
521,KARNATAKA,74.7584,13.3607998
522,BIHAR,85.1169968,25.6035004
523,HARYANA,76.6524963,28.6014004
524,UTTAR PRADESH,77.2254028,28.9349003
525,HARYANA,76.9673996,29.3878994
526,UTTAR PRADESH,79.5179977,26.4603004
527,UTTAR PRADESH,81.9300995,27.7007008
528,UTTAR PRADESH,82.1940994,27.4246006
529,UTTAR PRADESH,83.5658035,27.1471004
530,ARUNACHAL PRADESH,95.7953033,28.1378002
531,ARUNACHAL PRADESH,96.7865982,27.8945999
532,ARUNACHAL PRADESH,93.4963989,27.8616009
533,TELANGANA,78.4869003,17.4006004
534,JAMMU AND KASHMIR,75.5154037,32.3591003
535,KARNATAKA,75.406601,14.8113003
536,KARNATAKA,75.9354019,14.4940996
537,TAMILNADU,79.072998,12.2347002
538,KARNATAKA,76.9381027,11.9378004
539,TAMILNADU,78.1706009,11.2271996
540,TAMILNADU,78.0856018,10.9503002
541,TAMILNADU,79.4859009,11.9383001
542,TAMILNADU,78.865097,11.2445002
543,TAMILNADU,79.0726013,11.1462002
544,TAMILNADU,77.4632034,10.0010004
545,TAMILNADU,77.9676971,10.3633003
546,ARUNACHAL PRADESH,95.0626984,28.6135998
547,ARUNACHAL PRADESH,95.7276993,27.0881996
548,ASSAM,95.3666,27.4925003
549,ASSAM,94.5915985,27.4848003
550,ARUNACHAL PRADESH,93.8090973,27.5559006
601,CHHATTISGARH,82.8658981,23.2138004
602, ,85.2790985,23.0755997
603,CHHATTISGARH,81.6845016,22.0664005
604,CHHATTISGARH,81.5344009,21.7150993
605,CHHATTISGARH,82.1613998,21.6569996
606, ,77.3062973,29.448
607, ,74.0251007,30.4046001
608, ,75.5453033,30.3715992
609, ,74.9279022,31.4521008
610, ,77.7782974,28.7287998
611, ,78.6464996,27.8099003
612, ,76.0122986,23.7320995
613, ,74.7658005,24.0123997
614, ,70.8091965,22.8017998
615, ,71.6884003,22.1839008
616, ,74.0198975,22.3181992
617, ,72.7690964,19.6872997
618, ,68.9667969,22.2385998
619, ,85.5254974,23.6700993
620,CHHATTISGARH,83.6233978,23.6327
621,CHHATTISGARH,82.0625,20.6334991
622,CHHATTISGARH,81.2064972,20.7336006
623,CHHATTISGARH,81.2463989,19.718399
624,CHHATTISGARH,80.8175964,18.7957001
625,CHHATTISGARH,81.6535034,18.3771
626,CHHATTISGARH,81.6617966,19.5879993
627, ,0,0
628,KARNATAKA,77.2827988,12.7213001
629,TAMILNADU,77.3671036,11.1086998
630, ,78.2145996,12.5274
631, ,92.8992004,22.5319004
632, ,93.9356995,24.8036003
633, ,93.7368011,25.5401001
634, ,93.7205963,25.9111996
635, ,94.7845001,25.8908005
636,ASSAM,92.0962982,26.7436008
224,CHHATTISGARH,83.2054977,23.1194992
225,CHHATTISGARH,83.3939972,21.9095993
226,ODISHA,83.9841003,21.4673004
227,ODISHA,83.4942017,20.7061005
228,BIHAR,84.5082016,26.8043003
229,BIHAR,84.9229965,26.6539001
230,BIHAR,84.4421997,26.4655991
231,BIHAR,84.3593979,26.2215996
232,UTTAR PRADESH,84.1537018,25.7607994
233,BIHAR,84.7492981,25.7775993
234,BIHAR,84.6751022,25.5657997
235,BIHAR,84.9798965,25.2126007
236,BIHAR,84.0376968,24.9213009
237,BIHAR,84.3771973,24.7502003
238,JHARKHAND,84.0672989,24.0407009
239,BIHAR,85.4944992,26.5942001
240,BIHAR,85.9083023,26.1646004
241,BIHAR,85.4047012,26.1177006
242,BIHAR,85.5192032,25.1952
243,BIHAR,85.5410004,24.8883991
244,BIHAR,85.0022964,24.7919006
245,BIHAR,86.0681,26.3568993
246,BIHAR,86.7901993,25.9214993
247,BIHAR,86.5964966,25.8726006
248,BIHAR,86.4703979,25.5091
249,BIHAR,86.1334991,25.4099007
250,BIHAR,86.4744034,25.3743992
251,BIHAR,86.9720993,25.2397003
252,JHARKHAND,86.6983032,24.4817009
253,JHARKHAND,86.310997,24.1905003
254,BIHAR,87.4682007,25.7775993
255,BIHAR,87.5810013,25.5377998
256,JHARKHAND,87.6305008,25.2450008
257,JHARKHAND,87.213501,24.8295002
258,JHARKHAND,87.2470016,24.2714996
259,JHARKHAND,84.6794968,23.4330006
260,JHARKHAND,84.5323029,23.0272007
261,ODISHA,84.0465012,22.1287994
262,ODISHA,84.2386017,20.468399
263,JHARKHAND,85.364502,23.9890995
264,JHARKHAND,85.3382034,23.3635998
265,ODISHA,85.5812988,21.6455994
266,ODISHA,85.5858994,20.6555004
267,ODISHA,85.8516998,20.4789009
268,ODISHA,85.6200027,20.1886005
269,JHARKHAND,86.4338989,23.7982998
270,WEST BENGAL,86.3644028,23.3327999
271,JHARKHAND,86.1950989,22.8001003
272,ODISHA,86.7235031,21.9456005
273,ODISHA,86.9204025,21.4930992
274,WEST BENGAL,87.5317993,23.9092999
275,WEST BENGAL,87.0590973,23.2504997
276,WEST BENGAL,87.8544006,23.2628994
277,WEST BENGAL,87.3215027,22.4290009
278,ODISHA,84.983902,19.3512993
279,ODISHA,85.8366013,19.7963009
280,SIKKIM,88.6138,27.3292007
281,WEST BENGAL,88.2702026,27.0417995
282,WEST BENGAL,88.7164001,26.5282001
283,WEST BENGAL,88.7871017,25.2304993
284,WEST BENGAL,88.1451035,25.0107002
285,WEST BENGAL,88.2762985,24.1009998
286,WEST BENGAL,89.4508972,26.3286991
287,ASSAM,90.2710037,26.4032001
288,ASSAM,90.6283035,26.1769009
289,MEGHALAYA,90.5910034,25.5287991
290,MEGHALAYA,90.2779999,25.5056992
0,ARUNACHAL PRADESH,94.3287964,28.6525002
0,ARUNACHAL PRADESH,94.7014008,27.9815998
0,ARUNACHAL PRADESH,95.825798,27.6972008
0,ARUNACHAL PRADESH,93.5968018,27.7542
0,ARUNACHAL PRADESH,93.8936005,27.8778992
0,ARUNACHAL PRADESH,95.322197,26.8932991
0,ARUNACHAL PRADESH,94.9539032,28.3267002
0,HARYANA,77.0025024,28.1025009
0,CHHATTISGARH,81.9140015,22.7464008
0,JAMMU AND KASHMIR,74.3096008,33.3765984
0,JAMMU AND KASHMIR,75.5460968,33.1439018
0,JAMMU AND KASHMIR,75.1224976,32.5606995
0,JAMMU AND KASHMIR,75.2386017,33.2429008
0,JAMMU AND KASHMIR,74.8358994,33.7168999
0,JAMMU AND KASHMIR,75.0186996,33.6446991
0,JAMMU AND KASHMIR,74.9012985,33.8740997
0,JAMMU AND KASHMIR,74.7210007,34.0163002
0,JAMMU AND KASHMIR,74.6386032,34.4193001
0,JAMMU AND KASHMIR,74.2624969,34.5293007
0,JAMMU AND KASHMIR,74.7748032,34.2266006
